user_id,item_id,cat_id,seller_id,brand_id,action_type,time
328862,323294,833,2882,2661.0,0,2018-08-29 17:17:22.300959410
328862,623866,1271,2882,2661.0,0,2018-08-29 20:59:58.841378430
328862,239288,602,420,4953.0,0,2018-08-01 19:20:06.479644547
328862,197239,602,420,4953.0,0,2018-08-01 17:25:58.912202131
328862,524981,664,2382,1272.0,0,2018-06-02 11:00:51.123221777
328862,963870,267,3073,8126.0,2,2018-08-05 20:05:11.133293715
328862,943106,662,3354,883.0,0,2018-05-26 19:28:14.277231067
328862,81766,614,4605,7622.0,2,2018-08-01 09:27:13.308466863
328862,815434,602,420,4953.0,0,2018-08-01 20:10:49.750381298
328862,1089499,154,883,1647.0,0,2018-08-29 10:32:02.810711209
328862,1064265,614,4605,7622.0,0,2018-07-09 20:52:26.014536386
328862,267067,1208,1200,2276.0,0,2018-09-08 12:44:02.636418481
328862,698158,1505,3828,1446.0,0,2018-05-26 17:19:08.052941300
328862,751744,602,420,4953.0,0,2018-08-01 14:24:08.886957931
328862,1021873,1271,2882,2661.0,0,2018-08-29 15:19:58.135833598
328862,575153,1271,2882,2661.0,0,2018-08-29 21:44:58.534808166
328862,364513,1271,2882,2661.0,0,2018-08-29 13:12:17.863243458
328862,439895,1467,1253,328.0,0,2018-08-29 21:38:00.875768725
328862,832524,1467,2882,2661.0,0,2018-08-29 07:06:40.362948642
328862,42828,1397,3354,883.0,0,2018-06-15 12:35:27.809083090
328862,251929,1438,639,1565.0,0,2018-10-02 04:45:11.842489385
328862,484676,267,3073,8126.0,2,2018-10-02 22:43:53.586481220
328862,267067,1208,1200,2276.0,0,2018-09-06 19:41:35.691989108
328862,609965,1118,167,6065.0,0,2018-07-23 18:20:39.991746953
328862,359016,1271,4438,2427.0,0,2018-06-20 18:10:33.520093699
328862,488385,833,1692,2235.0,0,2018-06-19 21:40:16.818808313
328862,258882,1142,1138,4104.0,0,2018-11-02 14:50:49.813515685
328862,1026544,1467,437,801.0,0,2018-07-27 22:32:14.563817069
328862,428643,662,461,1859.0,0,2018-07-27 22:24:00.667670413
328862,629649,662,461,1859.0,0,2018-07-27 16:11:51.854616675
328862,294555,267,1867,3243.0,0,2018-10-26 20:42:50.407235200
328862,702304,821,1138,4104.0,0,2018-08-23 18:10:32.741962584
328862,257104,1397,1138,4104.0,0,2018-08-20 17:59:32.511573543
328862,1094497,407,4109,511.0,0,2018-07-08 14:02:35.110957514
328862,1094497,407,4109,511.0,0,2018-07-08 03:17:32.011304352
328862,406349,1280,2700,5476.0,0,2018-11-11 18:59:48.378575636
328862,896776,407,4109,511.0,0,2018-07-08 14:51:50.119592720
328862,406349,1280,2700,5476.0,0,2018-11-11 18:21:08.158534803
328862,601596,737,2479,5553.0,0,2018-07-12 23:22:01.139197212
328862,839044,1326,2479,5553.0,0,2018-07-12 13:18:51.114816404
328862,469250,407,4109,511.0,0,2018-07-08 19:34:17.344032112
328862,745630,1604,3354,883.0,0,2018-06-01 20:14:25.086599455
328862,105408,821,1138,4104.0,0,2018-08-20 09:57:34.734769576
328862,745,1577,1138,4104.0,0,2018-08-20 16:55:24.045394874
328862,639055,1397,1138,4104.0,0,2018-08-20 09:35:14.453733126
328862,698318,737,3459,2683.0,0,2018-10-22 16:34:25.475853907
328862,1021984,1525,2667,4926.0,2,2018-08-10 17:48:20.977500625
328862,1021984,1525,2667,4926.0,0,2018-08-10 17:19:46.121601404
328862,326321,1326,3459,2683.0,0,2018-10-22 20:54:13.973564028
328862,161902,662,1102,1214.0,0,2018-06-11 08:52:50.555661254
328862,698318,737,3459,2683.0,0,2018-10-22 08:55:41.877861709
328862,119898,602,420,4953.0,0,2018-08-26 16:48:52.114361282
328862,189490,662,3828,1446.0,0,2018-07-28 12:54:27.281898740
328862,372369,1397,3828,1446.0,0,2018-07-28 11:24:58.804543268
328862,108287,1271,437,801.0,0,2018-05-28 22:27:54.033331816
328862,455221,1271,437,801.0,0,2018-05-28 09:07:52.395150431
328862,693014,1188,3679,8461.0,2,2018-06-21 13:22:43.718684567
328862,693014,1188,3679,8461.0,0,2018-06-21 21:48:40.081115138
328862,693014,1188,3679,8461.0,0,2018-06-21 08:52:44.160796702
328862,845746,464,1742,7885.0,2,2018-05-25 15:39:23.784163107
328862,477050,662,1138,4104.0,0,2018-07-28 12:45:41.308356797
328862,482931,1591,1138,4104.0,0,2018-07-28 20:10:36.696468780
328862,482931,1591,1138,4104.0,0,2018-07-28 12:57:51.074994264
328862,665481,1397,3828,1446.0,0,2018-07-28 10:26:31.787595937
328862,694607,662,3828,1446.0,0,2018-07-28 12:56:50.898889656
328862,694607,662,3828,1446.0,0,2018-07-28 13:10:01.217023049
328862,1002584,302,3828,1446.0,0,2018-07-28 23:59:42.646863435
328862,952255,662,1138,4104.0,0,2018-07-28 13:59:32.700594288
328862,636524,1591,1138,4104.0,0,2018-07-28 14:37:09.845094490
328862,218097,662,3354,883.0,0,2018-07-28 19:43:51.400226257
328862,234418,464,3373,5148.0,0,2018-05-25 17:17:53.844630595
328862,172370,464,3373,5148.0,0,2018-05-25 19:09:18.952569447
328862,723943,821,3828,1446.0,0,2018-07-28 22:19:30.497160618
328862,1002584,302,3828,1446.0,0,2018-07-28 13:53:19.519913712
328862,853549,1591,1138,4104.0,0,2018-07-28 18:16:28.204719389
328862,456203,662,3828,1446.0,0,2018-07-28 19:11:58.576071207
328862,18691,384,3828,1446.0,0,2018-07-28 22:45:39.523573670
328862,456185,1397,3828,1446.0,0,2018-07-28 14:36:38.509381414
328862,881947,662,1138,4104.0,0,2018-07-28 16:03:24.327316085
328862,636510,1095,3828,1446.0,0,2018-07-28 13:52:53.873067269
328862,209591,821,1138,4104.0,0,2018-07-28 12:08:33.741708073
328862,881947,662,1138,4104.0,0,2018-07-28 12:17:46.450099955
328862,611865,387,1138,4104.0,0,2018-07-28 18:35:15.599159979
328862,785616,302,4173,5376.0,0,2018-06-05 13:40:12.929565989
234512,1106076,992,3783,8165.0,0,2018-10-16 21:00:32.632502474
234512,146770,1173,693,3186.0,0,2018-06-25 14:24:54.485447444
234512,137298,1432,3271,6957.0,2,2018-11-11 15:24:13.598351326
234512,671367,737,556,4252.0,0,2018-06-16 18:47:28.796946868
234512,137298,1432,3271,6957.0,0,2018-11-11 12:04:14.597688826
234512,524779,389,4655,3157.0,0,2018-11-11 15:56:29.194001540
234512,137298,1432,3271,6957.0,0,2018-11-11 16:28:39.471169729
234512,601567,1553,4475,3174.0,0,2018-10-17 21:13:50.845750165
234512,585039,825,800,6326.0,2,2018-11-10 08:07:01.824666400
234512,758374,1129,3205,2270.0,0,2018-11-09 08:21:52.736602178
234512,233274,825,800,6326.0,0,2018-11-10 05:42:14.605472797
356311,422447,1577,2213,6946.0,0,2018-10-30 04:41:57.376344638
356311,1099295,1129,2213,6946.0,0,2018-10-30 17:32:51.573036443
356311,708413,1172,2425,3542.0,0,2018-09-17 22:57:29.781209408
356311,873338,1172,1040,4916.0,0,2018-09-17 15:01:11.545149811
356311,819981,1431,4707,1176.0,0,2018-09-05 19:13:23.634243950
356311,861447,1505,331,4094.0,0,2018-06-09 14:40:49.345906008
356311,179274,833,3149,5388.0,0,2018-08-23 20:07:27.596274261
356311,199193,821,2333,3950.0,0,2018-07-01 15:06:53.354315127
356311,1016560,1129,1138,4104.0,0,2018-11-08 21:05:25.304884413
356311,391988,1112,4186,6035.0,0,2018-06-05 14:21:16.964557687
356311,202490,1112,4186,6035.0,0,2018-06-05 01:56:30.116104736
356311,758374,1129,3205,2270.0,0,2018-11-11 17:43:28.509175409
356311,601949,1505,2768,7735.0,0,2018-06-04 08:08:43.169920758
356311,424232,1505,2768,7735.0,0,2018-06-04 23:40:02.347006029
356311,371923,1505,2768,7735.0,0,2018-06-04 10:11:15.580688688
356311,125829,1505,2768,7735.0,0,2018-06-04 17:05:54.302640073
356311,1017725,821,2768,7735.0,0,2018-06-04 08:31:55.664756575
356311,1017725,821,2768,7735.0,0,2018-06-04 15:08:54.662411780
356311,238223,229,4650,2453.0,0,2018-08-07 16:20:10.916078024
356311,335377,1129,3028,4608.0,0,2018-11-11 20:23:00.396393044
356311,998103,1129,3205,2270.0,0,2018-11-11 12:42:12.806574744
356311,685857,1129,2213,6946.0,0,2018-11-11 05:03:56.481697637
356311,830436,1129,3205,2270.0,0,2018-11-11 19:50:58.300352675
356311,913290,1129,2213,6946.0,0,2018-11-11 20:07:54.502205986
356311,215289,1129,2213,6946.0,0,2018-11-11 21:56:57.090713129
356311,758374,1129,3205,2270.0,0,2018-11-11 22:03:15.682416058
356311,246033,664,1783,5041.0,2,2018-11-11 17:45:37.214535367
356311,269842,1129,2213,6946.0,0,2018-11-11 05:12:12.585561731
356311,269842,1129,2213,6946.0,0,2018-11-11 16:10:16.763301190
356311,931066,1129,3590,3815.0,0,2018-11-11 18:22:53.999127838
356311,492131,1389,2213,6946.0,0,2018-11-11 23:20:12.652410485
356311,805835,821,4949,706.0,0,2018-05-20 14:30:54.622866062
272389,807126,1181,1963,6109.0,0,2018-11-04 18:07:40.809265458
272389,1049137,384,1595,5800.0,0,2018-11-04 13:39:34.083964406
272389,587104,384,1595,5800.0,0,2018-11-04 11:08:20.941107413
272389,521434,384,1595,5800.0,0,2018-11-04 14:46:22.226918093
272389,1112375,1112,4186,6035.0,0,2018-11-11 23:51:17.732857603
139859,144011,4,2743,4475.0,0,2018-09-23 22:00:32.926057967
139859,141725,1349,802,2072.0,0,2018-08-09 10:05:55.771695071
139859,882631,1525,2365,7457.0,0,2018-07-16 20:56:28.338429071
139859,671759,1142,1487,6445.0,0,2018-11-11 22:39:10.806529352
139859,333159,662,683,2545.0,0,2018-11-11 04:42:16.637682223
139859,946684,464,1472,2871.0,0,2018-11-11 14:01:38.166570451
139859,620150,407,259,5014.0,0,2018-08-20 19:08:29.908073975
139859,290032,934,1778,5855.0,0,2018-07-30 08:20:36.388556660
139859,756365,602,2591,5120.0,0,2018-08-15 06:09:46.050237215
102269,222610,656,1890,5683.0,0,2018-11-11 16:56:23.258187380
102269,82939,1603,1000,6289.0,0,2018-11-11 12:30:53.117559072
102269,121940,1075,2545,2334.0,2,2018-11-11 18:07:40.325042052
102269,640887,656,2883,4380.0,0,2018-11-04 13:58:41.075438011
102269,479295,245,3144,4026.0,3,2018-05-30 11:35:33.746750769
102269,565145,1550,3144,4026.0,0,2018-05-30 23:27:27.622360488
102269,690620,766,1872,3474.0,0,2018-07-10 21:05:15.479344368
186568,384988,1328,2257,3155.0,2,2018-10-15 10:29:40.471229825
186568,924565,1147,4939,7455.0,0,2018-07-12 18:24:44.412038708
186568,562654,500,1337,4606.0,0,2018-09-27 14:19:37.255803507
186568,318277,664,2361,1714.0,2,2018-11-11 10:45:56.189031034
186568,783801,614,2361,1714.0,3,2018-10-18 09:14:39.664655527
186568,413584,1553,1393,4705.0,0,2018-11-05 08:21:35.045287608
186568,431722,247,682,390.0,0,2018-08-23 10:48:13.917479775
186568,632330,629,2677,1579.0,0,2018-11-02 17:51:19.846960897
186568,619445,1591,1393,4705.0,0,2018-11-02 14:57:52.866593796
186568,619445,1591,1393,4705.0,0,2018-11-02 18:17:39.160478861
186568,541476,389,2676,3997.0,0,2018-10-22 19:55:29.601981654
186568,218188,1553,2676,3997.0,0,2018-10-22 12:05:47.011835185
186568,720483,119,2575,7396.0,2,2018-10-08 20:19:52.807627486
186568,614255,351,3845,3156.0,0,2018-11-04 23:53:31.455791335
186568,101289,933,270,397.0,0,2018-11-04 15:59:54.355376321
186568,729209,1467,3409,5163.0,0,2018-10-28 17:53:20.774819509
186568,152749,780,1703,3730.0,0,2018-10-08 17:57:43.953841384
186568,853621,1362,1831,7521.0,0,2018-09-11 23:43:22.551200163
186568,853621,1362,1831,7521.0,0,2018-09-11 08:42:47.042776673
186568,562654,500,1337,4606.0,3,2018-09-26 04:59:50.907339047
186568,1004069,707,4549,8150.0,0,2018-06-24 13:10:29.842646128
186568,1004069,707,4549,8150.0,0,2018-06-24 11:12:25.644841523
186568,830098,517,2374,6657.0,3,2018-10-14 01:56:55.208881932
186568,284832,1561,1338,4740.0,0,2018-09-23 17:28:12.961963421
186568,980619,563,3930,8473.0,2,2018-08-31 14:04:35.772008183
186568,990726,600,2792,2431.0,2,2018-10-11 09:43:58.013346613
186568,990726,600,2792,2431.0,0,2018-10-11 03:36:46.792030883
186568,783408,1505,790,384.0,0,2018-06-25 07:01:12.771219051
186568,720483,119,2575,7396.0,3,2018-10-07 18:45:40.912972966
186568,183877,683,4333,4682.0,0,2018-11-07 18:17:21.027624408
186568,486629,1658,1986,2158.0,0,2018-10-07 22:49:55.325832771
186568,886415,196,848,1221.0,0,2018-07-21 13:24:07.617941400
186568,639783,1401,3214,1887.0,0,2018-09-24 10:05:48.221668222
186568,1004069,707,4549,8150.0,2,2018-06-25 13:05:59.638964731
186568,1045969,235,279,5472.0,0,2018-10-25 23:01:47.323642429
186568,1045969,235,279,5472.0,2,2018-10-25 16:44:01.544650141
186568,161632,896,4966,3467.0,2,2018-10-30 17:37:10.338553712
186568,835159,614,399,4950.0,2,2018-11-01 12:16:41.893954577
186568,576141,500,3017,7703.0,0,2018-11-01 16:32:57.538969807
186568,384134,993,4267,6046.0,0,2018-11-01 08:42:29.239676327
186568,161632,896,4966,3467.0,0,2018-10-30 10:51:45.231762801
186568,937008,1238,3990,5644.0,0,2018-05-23 20:37:52.094928499
186568,181387,1175,3144,4026.0,3,2018-11-08 22:25:18.225489016
186568,541476,389,2676,3997.0,0,2018-09-30 21:31:59.066205748
186568,541476,389,2676,3997.0,0,2018-09-30 20:19:10.017496209
186568,840624,1591,4321,2018.0,0,2018-08-17 19:25:52.459135800
186568,1104653,898,4950,2946.0,0,2018-05-23 18:31:09.617251056
186568,1039510,1401,192,5638.0,0,2018-09-25 13:38:20.097487115
149002,291706,1228,3647,3019.0,0,2018-06-03 11:19:25.059340436
149002,282,885,3791,1500.0,0,2018-11-11 18:37:01.986212107
149002,989660,577,3791,1500.0,0,2018-11-11 22:09:47.605930269
149002,536300,885,3791,1500.0,0,2018-11-11 19:01:41.311984650
149002,754044,1213,3736,3125.0,0,2018-05-21 18:39:57.947209244
149002,989660,577,3791,1500.0,2,2018-11-11 23:34:49.082969665
149002,768559,577,3791,7793.0,0,2018-11-07 21:32:05.101093264
149002,293327,368,3791,6762.0,0,2018-11-07 18:53:17.619695884
149002,437598,407,215,3969.0,2,2018-09-15 12:29:07.155490692
149002,268786,1213,4766,4360.0,0,2018-09-17 20:49:38.440111182
149002,382528,1174,965,3791.0,0,2018-06-23 23:40:24.318853560
149002,1099253,1668,4091,3457.0,2,2018-06-23 16:13:38.085250412
149002,670204,1213,4766,4360.0,0,2018-09-17 14:40:46.506384760
149002,606985,1329,3521,2276.0,2,2018-10-20 13:18:38.252790018
149002,774685,707,2681,1305.0,3,2018-11-03 17:32:49.259416297
149002,382222,707,1997,1415.0,0,2018-07-07 08:38:12.495851475
149002,291706,1228,3647,3019.0,0,2018-05-22 12:16:57.696336245
149002,291706,1228,3647,3019.0,0,2018-05-22 22:41:01.828271346
92396,638626,22,2420,8037.0,0,2018-06-22 13:25:13.819417737
92396,526162,1544,3144,4026.0,0,2018-06-13 14:20:37.755557638
92396,605215,1505,3760,3738.0,0,2018-08-28 06:15:42.830109001
92396,913181,1577,967,760.0,0,2018-08-16 16:03:58.583536370
92396,998982,1389,967,760.0,2,2018-08-16 11:29:46.365896527
92396,549956,1389,967,760.0,0,2018-08-16 20:17:25.163843924
92396,316514,1401,4170,3964.0,2,2018-11-11 19:40:55.784802040
92396,1043094,1260,2677,1579.0,0,2018-11-11 21:47:58.481697891
92396,997507,1174,2677,1579.0,0,2018-11-11 16:51:57.468649572
92396,953159,420,2677,1579.0,0,2018-11-11 23:29:17.333641424
92396,997507,1174,2677,1579.0,0,2018-11-11 07:21:01.720142873
92396,436099,1505,2638,7157.0,0,2018-08-20 23:08:03.703861080
92396,750390,662,1815,7169.0,0,2018-10-12 18:55:33.481624335
92396,416194,1561,4926,5421.0,0,2018-05-27 14:53:52.980656711
92396,429903,662,3760,3738.0,0,2018-07-18 20:57:38.276873600
92396,280955,662,3445,2387.0,0,2018-07-11 21:52:21.147038610
92396,722907,1593,1274,3746.0,0,2018-11-10 00:37:59.560187539
92396,413046,1129,3205,2270.0,0,2018-11-10 23:54:15.770335741
92396,868399,695,1269,404.0,0,2018-05-27 15:16:51.886065257
92396,352390,683,2657,4682.0,0,2018-05-25 22:39:32.816198028
92396,341559,451,550,1693.0,0,2018-07-01 23:09:16.718603216
92396,802458,662,554,6154.0,0,2018-06-26 18:26:49.675782269
92396,962370,1467,1923,4184.0,0,2018-06-26 18:26:42.759232886
92396,631755,1271,1923,4184.0,0,2018-06-26 23:56:38.822903883
92396,888466,1577,414,4299.0,0,2018-08-29 08:28:15.409708980
92396,385046,1397,625,752.0,0,2018-10-25 08:49:43.590470631
92396,549837,1095,3200,3751.0,0,2018-09-18 12:27:24.732845239
37908,704096,656,2883,4380.0,0,2018-11-11 23:26:24.060489543
37908,856349,656,4432,1209.0,0,2018-11-11 23:41:32.187751360
37908,918243,656,4257,6742.0,0,2018-11-11 18:26:46.116138299
37908,330097,656,2883,4380.0,2,2018-11-11 18:23:32.963571067
37908,388196,252,4205,928.0,0,2018-06-06 12:50:50.347080249
37908,304761,1432,323,320.0,0,2018-06-18 10:48:37.764562715
37908,198692,407,1238,4776.0,0,2018-06-06 21:27:56.766620487
37908,333915,1113,1361,7365.0,0,2018-07-04 17:48:05.751494900
37908,193088,1023,3686,7713.0,0,2018-05-20 18:42:56.606472175
66012,867263,605,1752,6976.0,2,2018-11-11 21:54:30.418110737
66012,780658,1516,1752,6976.0,0,2018-11-11 15:19:23.577182808
66012,977920,629,1,1662.0,0,2018-11-11 19:19:57.349343537
66012,67897,1349,184,1360.0,0,2018-11-09 22:57:31.638500212
66012,221667,620,1989,1954.0,0,2018-11-09 15:41:55.171358947
66012,1017616,838,4981,6831.0,0,2018-09-16 21:26:56.768977236
66012,195714,1213,1200,2276.0,2,2018-07-28 15:32:27.600958778
66012,1027943,838,4981,6831.0,0,2018-09-16 16:48:33.136529802
66012,285139,1500,218,3574.0,0,2018-10-07 15:52:52.496808078
66012,654799,267,396,2834.0,0,2018-10-19 14:13:38.301693079
2859,741961,898,4950,2946.0,0,2018-05-24 07:00:31.701731949
2859,798159,898,296,2946.0,0,2018-05-24 23:55:04.426635024
2859,223097,420,2956,4290.0,0,2018-07-15 18:42:27.503404665
2859,735498,656,3773,3718.0,3,2018-11-11 06:18:24.764996360
2859,775698,720,2076,1283.0,0,2018-11-11 22:46:20.941132131
2859,170750,1152,2084,606.0,0,2018-11-11 07:37:26.423240621
2859,966948,629,1,1662.0,0,2018-11-11 14:28:37.149071151
2859,581038,267,54,7076.0,2,2018-11-11 16:47:36.036796910
2859,325859,1371,1269,5416.0,0,2018-11-11 03:16:15.812086118
2859,125904,1500,3846,1578.0,0,2018-10-31 06:38:47.256640994
2859,264130,180,4512,6927.0,0,2018-08-20 14:46:19.007604614
2859,783631,1252,2375,2470.0,0,2018-08-20 21:52:56.860454091
2859,755957,180,4512,6927.0,3,2018-08-20 11:55:27.693850678
2859,759442,420,1784,7936.0,0,2018-07-03 17:43:58.083043418
2859,319891,683,1784,7936.0,0,2018-07-03 22:04:18.534884663
2859,597616,1611,4127,4874.0,2,2018-10-24 12:43:28.551114754
2859,81862,1611,4127,4874.0,0,2018-11-07 19:09:57.883130810
2859,916938,387,40,2319.0,0,2018-11-07 19:26:51.536365440
2859,1089049,656,4257,6742.0,0,2018-11-07 22:30:21.753606516
2859,613801,387,1998,5665.0,0,2018-11-07 13:45:42.169247253
2859,597616,1611,4127,4874.0,0,2018-10-24 11:17:49.629701971
2859,1599,180,1679,7931.0,0,2018-09-12 18:06:58.537975007
2859,1101304,302,1663,4874.0,0,2018-06-25 15:26:17.498183394
2859,964668,662,1663,4874.0,0,2018-06-25 18:39:21.990659966
2859,313025,302,1663,4874.0,0,2018-06-25 15:31:19.548501147
2859,468903,1553,266,299.0,0,2018-10-30 16:26:38.152725406
2859,174382,530,597,3021.0,0,2018-10-30 17:37:12.092416552
2859,452958,1109,2792,2431.0,2,2018-09-25 10:35:03.926302104
2859,720990,812,1849,5577.0,2,2018-09-13 06:38:29.162168837
2859,923725,629,4628,5773.0,0,2018-11-08 12:58:32.567268185
2859,1066192,302,1663,4874.0,0,2018-06-26 06:14:40.019987724
2859,466184,1271,1923,4184.0,0,2018-06-26 16:52:22.575089478
2859,1098972,812,1,1662.0,0,2018-06-06 06:45:43.746126201
2859,581038,267,54,7076.0,3,2018-11-06 13:15:19.998375164
2859,532181,1075,4555,4913.0,0,2018-07-20 10:15:06.172696021
2859,1021007,1326,3620,6118.0,0,2018-08-15 19:14:52.393603995
2859,1014766,180,2375,2470.0,0,2018-08-27 08:01:13.564333493
2859,399467,115,2783,6315.0,0,2018-08-12 16:38:24.600670744
2859,399467,115,2783,6315.0,0,2018-08-12 13:07:23.695391940
2859,985492,115,3091,4167.0,0,2018-08-12 10:07:02.244252678
2859,327754,1389,3649,7333.0,0,2018-11-03 12:56:20.222796043
2859,944778,351,840,2668.0,0,2018-07-23 20:17:11.473858632
2859,291294,420,2928,4290.0,0,2018-06-23 15:35:25.560267669
2859,1599,180,1679,7931.0,0,2018-09-09 07:13:09.197878294
2859,1101304,302,1663,4874.0,0,2018-06-27 18:02:31.173894657
2859,862433,351,840,2668.0,0,2018-07-23 07:09:39.775984034
2859,244595,420,2928,4290.0,0,2018-06-23 10:17:23.598952509
2859,654671,1174,3226,5228.0,0,2018-10-16 09:05:26.881267912
2859,551228,1174,1236,1995.0,3,2018-10-16 05:44:11.943326389
2859,83562,267,1609,6326.0,0,2018-10-08 10:13:27.175930263
2859,490168,662,1663,4874.0,0,2018-06-22 15:09:41.347864838
153790,732760,1467,2781,6742.0,0,2018-11-06 19:26:13.586017485
153790,881383,1112,794,3687.0,0,2018-11-06 20:46:16.757460167
153790,59658,786,2374,1866.0,0,2018-11-06 21:25:21.283926708
153790,1088818,664,2818,4292.0,0,2018-11-06 20:34:36.595986422
153790,215089,1174,2677,1579.0,0,2018-09-04 02:13:43.568810605
153790,418361,800,3235,5817.0,2,2018-10-09 19:31:18.643843826
153790,618183,812,3893,2927.0,0,2018-07-06 19:13:56.999722961
153790,507976,166,1690,3535.0,0,2018-11-01 23:12:40.832131725
153790,1073472,1200,2926,4358.0,0,2018-06-04 18:14:43.291843238
153790,104221,1644,853,7072.0,0,2018-07-21 13:12:52.050280639
153790,282291,1644,853,7072.0,0,2018-07-21 15:45:19.742618622
153790,480096,898,4289,2208.0,0,2018-11-11 22:15:20.654705149
153790,710302,1467,2781,5683.0,2,2018-11-11 16:15:11.852541480
153790,705878,1467,2781,5683.0,0,2018-11-11 19:28:17.851848843
153790,495879,1644,853,7072.0,0,2018-07-21 18:56:34.464411017
153790,209679,1238,158,99.0,0,2018-11-10 16:06:15.051011970
153790,209679,1238,158,99.0,0,2018-11-10 21:00:48.634295876
153790,705878,1467,2781,5683.0,0,2018-11-10 16:47:14.678755007
153790,702370,1100,4918,3535.0,0,2018-06-15 23:17:45.410745157
153790,710302,1467,2781,5683.0,0,2018-11-10 11:53:33.813555030
153790,209679,1238,158,99.0,0,2018-11-10 13:48:57.502762658
153790,579254,747,964,8397.0,0,2018-08-13 22:57:31.214311389
153790,921985,1100,4918,3535.0,0,2018-05-26 18:38:31.001261057
153790,901101,1656,638,1444.0,0,2018-05-26 16:14:07.998621040
153790,1047486,962,2193,2269.0,0,2018-11-04 08:08:58.128412732
153790,779949,1453,305,7744.0,0,2018-11-04 20:00:37.033176371
153790,582176,555,2418,6652.0,0,2018-11-04 21:59:22.133675709
153790,88361,484,1641,5067.0,0,2018-11-06 21:14:06.308862033
26516,778415,1401,3326,6585.0,0,2018-10-25 19:34:35.586755585
26516,350413,993,3326,6585.0,0,2018-10-25 07:35:35.709387069
26516,846183,993,3326,6585.0,0,2018-10-25 13:34:17.697820375
26516,519763,683,192,5638.0,0,2018-10-25 09:06:49.529124604
26516,442084,192,3326,6585.0,0,2018-10-25 15:59:08.027687417
26516,864684,177,2565,8149.0,0,2018-11-01 09:32:32.371477685
26516,712042,497,1892,6585.0,0,2018-10-26 19:20:14.028084276
26516,864684,177,2565,8149.0,0,2018-10-26 12:54:54.200766392
26516,712042,497,1892,6585.0,0,2018-10-26 02:17:58.711363129
26516,761074,993,4161,5812.0,0,2018-10-23 23:59:46.099351023
26516,201361,177,2565,8149.0,0,2018-10-26 13:03:11.241232958
26516,719522,177,2565,8149.0,0,2018-10-26 13:57:42.391154371
26516,71357,331,1892,6585.0,0,2018-10-26 20:24:45.785362234
26516,712042,497,1892,6585.0,0,2018-10-26 13:01:07.732750344
26516,683349,1401,586,5579.0,0,2018-11-11 22:13:15.521717941
26516,384440,788,4161,5812.0,2,2018-11-11 23:07:57.721635594
26516,821639,331,4161,5812.0,0,2018-11-11 22:03:46.710354056
26516,66049,602,2403,8417.0,0,2018-11-11 21:37:10.884219948
26516,877454,331,4161,5812.0,0,2018-11-11 09:33:00.734325785
26516,352345,177,2565,8149.0,2,2018-11-11 14:43:25.494409011
26516,442084,192,3326,6585.0,0,2018-10-27 03:34:24.240778675
26516,269841,1401,586,5579.0,0,2018-11-05 15:11:55.544457212
26516,416965,1401,586,5579.0,0,2018-11-05 08:35:59.565785149
26516,758240,392,640,3650.0,0,2018-10-09 09:00:39.412962934
26516,985933,1401,586,5579.0,0,2018-11-05 15:13:37.020362319
26516,752195,1290,586,5579.0,0,2018-11-05 21:08:44.153838906
26516,369683,484,2722,5579.0,0,2018-11-05 20:07:35.034201675
26516,683349,1401,586,5579.0,0,2018-11-05 06:35:41.047695603
78617,1080760,1142,227,6997.0,0,2018-09-21 04:27:14.095523900
78617,74712,737,3484,8255.0,2,2018-07-29 20:12:16.718554417
78617,798006,1349,1921,8349.0,0,2018-07-23 15:49:11.778551598
78617,1087437,895,2445,2449.0,0,2018-11-11 19:43:50.896149839
78617,822352,1272,2106,1725.0,2,2018-08-12 20:09:15.018330270
78617,795232,664,3859,1552.0,2,2018-08-16 13:55:07.446916905
366342,787949,993,1892,6585.0,0,2018-11-10 17:11:21.607110263
366342,1076627,993,1892,6585.0,0,2018-11-10 15:21:45.979230598
366342,925737,125,1892,6585.0,0,2018-11-10 20:15:21.006553693
366342,1093392,993,1892,6585.0,0,2018-11-10 13:38:07.827351933
366342,86157,933,1892,6585.0,0,2018-11-10 21:15:00.218570061
366342,362953,351,1892,6585.0,0,2018-11-10 16:35:36.908369054
366342,885901,1401,1892,6585.0,0,2018-06-15 18:01:53.791438147
366342,885901,1401,1892,6585.0,0,2018-06-15 12:03:35.261779185
366342,1103738,1401,1892,6585.0,0,2018-06-15 11:44:47.795310383
366342,166387,351,1892,6585.0,0,2018-11-10 21:50:39.726671593
366342,487805,351,1892,6585.0,0,2018-11-10 23:06:21.573836295
366342,931684,993,1892,6585.0,0,2018-11-10 16:50:02.386996955
366342,298079,43,3326,6585.0,0,2018-11-10 20:13:16.173114077
366342,223476,788,1716,927.0,0,2018-06-15 22:26:49.601845178
366342,579022,1401,1892,6585.0,0,2018-11-10 19:01:34.086408446
366342,75602,499,1505,5472.0,0,2018-07-16 14:35:38.273281761
366342,673921,747,964,8397.0,0,2018-05-25 18:33:52.717549280
366342,331763,1656,638,1444.0,0,2018-07-16 23:20:12.960538695
366342,75602,499,1505,5472.0,2,2018-07-16 16:43:57.060271305
366342,934017,1357,3144,4026.0,0,2018-09-07 19:00:52.982985323
366342,893999,43,2954,1847.0,2,2018-11-11 12:25:48.953298536
366342,822957,747,2954,1847.0,2,2018-11-11 18:06:49.067554317
366342,548344,1422,4950,1866.0,0,2018-10-03 10:50:07.737974352
366342,974222,351,1892,6585.0,2,2018-11-11 19:33:31.081093567
366342,391880,351,1892,6585.0,2,2018-11-11 13:50:13.695265521
366342,822957,747,2954,1847.0,0,2018-11-11 20:19:35.195481817
366342,1039486,893,4663,4234.0,0,2018-11-11 09:13:37.294663278
366342,395164,484,2954,1847.0,0,2018-11-11 12:53:25.936370965
366342,140931,1644,3319,7072.0,0,2018-11-11 09:12:15.494350184
366342,645640,766,3144,4026.0,3,2018-11-06 23:03:27.180328160
366342,645640,766,3144,4026.0,0,2018-11-11 10:05:18.161958192
366342,730518,1644,2954,1847.0,0,2018-11-11 20:50:20.053620809
366342,1039486,893,4663,4234.0,0,2018-11-11 14:51:40.372156510
366342,395164,484,2954,1847.0,0,2018-11-11 13:49:59.687452385
366342,611231,893,4663,4234.0,0,2018-11-11 12:13:45.878410745
366342,60969,235,2838,5647.0,0,2018-11-11 17:44:07.845901213
366342,267380,1357,444,2731.0,0,2018-11-11 10:27:40.195333669
366342,487805,351,1892,6585.0,0,2018-11-11 23:29:21.169342148
366342,216025,488,1119,3535.0,0,2018-08-27 22:18:51.538809645
366342,448776,1100,102,7714.0,0,2018-07-05 21:20:57.667112447
366342,893999,43,2954,1847.0,3,2018-11-04 09:55:24.977993930
366342,821604,898,1346,7995.0,0,2018-07-06 11:04:46.474855562
366342,1004370,1583,4663,4234.0,0,2018-09-16 11:52:58.116315671
366342,129382,1583,4663,4234.0,2,2018-09-16 19:38:22.110384898
366342,372966,1583,4663,4234.0,0,2018-09-16 11:12:46.460359280
366342,363605,218,3280,1886.0,3,2018-09-28 15:44:10.490922867
366342,9105,1656,638,1444.0,3,2018-11-08 20:46:50.723423979
366342,606409,1590,4663,4234.0,0,2018-08-30 08:25:14.696747364
171799,958000,352,32,8346.0,0,2018-10-10 05:22:49.837585710
171799,958000,352,32,8346.0,0,2018-10-10 14:32:59.388740082
171799,958000,352,32,8346.0,0,2018-10-10 23:54:42.525780632
171799,614056,1200,1488,3650.0,0,2018-09-22 19:32:06.625588004
171799,611141,1525,167,2072.0,0,2018-10-10 04:22:01.336489252
171799,115067,155,2986,5081.0,0,2018-06-20 22:35:32.981706940
171799,1066559,36,3334,6352.0,0,2018-06-06 14:14:31.257012793
171799,259995,1349,802,4279.0,0,2018-09-12 22:12:32.981659694
171799,259995,1349,802,4279.0,0,2018-09-12 13:23:46.897866161
171799,1108105,756,723,4267.0,0,2018-11-11 17:15:29.621109797
171799,168714,666,4382,8012.0,0,2018-11-11 13:57:36.825918855
171799,945837,756,723,4267.0,2,2018-11-11 19:49:54.954137676
171799,922514,1603,3368,5603.0,0,2018-11-11 19:33:47.802044821
171799,608042,883,3826,2232.0,0,2018-11-11 23:48:30.729218382
171799,42232,666,3146,4777.0,0,2018-11-11 14:32:08.738733339
171799,777572,756,218,4267.0,0,2018-11-11 17:23:41.690835293
106629,984857,1606,777,1153.0,0,2018-08-16 09:09:29.175928826
106629,47934,1213,4255,1573.0,0,2018-10-07 21:17:04.136698935
106629,658781,1238,1595,5800.0,0,2018-09-24 20:09:01.266335634
106629,1043502,664,1696,7577.0,0,2018-09-19 09:31:36.745018925
106629,305410,1349,702,1360.0,0,2018-09-24 08:33:21.073253659
106629,789857,1349,3834,1360.0,0,2018-09-24 17:43:28.316525385
106629,608961,748,471,3431.0,0,2018-10-12 18:08:38.289274655
106629,886512,407,2090,2565.0,0,2018-10-12 10:52:50.342926528
106629,1005845,662,2905,2842.0,0,2018-06-01 21:38:13.855395064
106629,554430,114,360,4982.0,2,2018-06-01 17:45:57.287436103
106629,1047017,1438,2764,6199.0,2,2018-05-31 19:40:10.928498104
106629,713383,1528,2891,6371.0,0,2018-10-01 04:43:53.609448642
106629,243468,267,1304,2276.0,2,2018-05-11 18:20:01.984808752
106629,860559,1604,643,968.0,0,2018-07-14 23:39:50.568066757
106629,136926,639,1700,7447.0,0,2018-10-30 03:18:45.415253952
106629,340004,664,2537,6066.0,0,2018-08-25 17:43:29.054411903
106629,684016,1467,1381,2333.0,0,2018-06-29 07:47:21.349961058
106629,637385,1438,1206,4360.0,0,2018-08-08 21:57:08.010389512
106629,235937,267,823,6884.0,0,2018-10-04 02:51:02.397080519
106629,211366,267,800,6326.0,0,2018-06-09 07:57:09.475094519
106629,677545,36,174,7279.0,0,2018-07-29 03:21:34.072494959
106629,776874,662,4173,5376.0,0,2018-07-25 23:02:06.565410466
106629,756421,1213,282,6326.0,0,2018-07-30 18:32:51.167520428
106629,756421,1213,282,6326.0,0,2018-07-30 01:53:27.285647839
106629,637385,1438,1206,4360.0,0,2018-08-08 23:05:14.557378640
106629,1069044,602,3196,2541.0,0,2018-06-27 23:59:44.500530575
106629,800613,1349,640,7279.0,0,2018-06-12 18:07:25.582294721
106629,2286,602,3196,2541.0,0,2018-06-27 14:19:30.436848621
106629,205459,602,3196,2541.0,0,2018-06-27 17:17:30.554528021
106629,591558,1577,1102,1214.0,0,2018-06-24 21:00:39.851944615
106629,403091,602,1760,2197.0,0,2018-07-07 10:54:49.339879523
106629,305304,602,3196,2541.0,0,2018-06-27 13:19:48.477056272
106629,424165,602,3196,2541.0,0,2018-06-27 11:45:39.089467995
106629,183065,602,3196,2541.0,0,2018-06-27 06:31:51.105133758
106629,872614,602,3196,2541.0,0,2018-06-27 11:14:21.350399758
106629,954296,602,3196,2541.0,0,2018-06-27 18:00:27.267713340
106629,965276,602,1760,2197.0,0,2018-07-07 17:54:28.759843300
106629,1029273,1648,2318,7319.0,2,2018-08-27 22:02:26.139038039
106629,552544,602,3196,2541.0,0,2018-06-27 23:44:51.827152336
106629,847614,551,320,6861.0,0,2018-10-26 21:54:59.720718470
106629,175930,602,2336,4382.0,0,2018-06-27 06:20:12.611683417
106629,1029992,267,1200,2276.0,0,2018-07-07 10:16:05.103041371
106629,268516,1326,2190,4867.0,0,2018-09-23 21:24:47.670746016
106629,363963,602,3196,2541.0,0,2018-06-27 14:51:26.929968581
106629,984471,602,3196,2541.0,0,2018-06-27 21:25:45.319948523
106629,189330,602,3196,2541.0,0,2018-06-27 22:49:28.027162508
106629,363963,602,3196,2541.0,0,2018-06-27 21:15:52.774741073
106629,954296,602,3196,2541.0,0,2018-06-27 12:39:08.874183762
106629,23882,602,2336,4382.0,0,2018-06-27 10:23:13.845213942
106629,605242,602,3196,2541.0,0,2018-06-27 06:43:50.642875845
106629,846404,1208,4766,4360.0,0,2018-11-11 21:42:31.079746219
106629,12406,748,3161,1202.0,0,2018-11-11 18:20:02.064470979
106629,236222,1432,1107,268.0,0,2018-11-11 22:49:14.488320639
106629,450497,4,828,4385.0,0,2018-11-11 19:49:20.304222066
106629,426851,1095,4094,7749.0,0,2018-11-11 14:16:18.573776288
106629,38576,1208,4558,5636.0,0,2018-11-11 10:43:18.572482642
106629,12406,748,3161,1202.0,0,2018-11-11 17:59:46.109045900
106629,211366,267,800,6326.0,0,2018-06-04 11:48:40.161076977
106629,211366,267,800,6326.0,0,2018-06-04 13:09:33.347821792
106629,463805,1188,3262,1600.0,2,2018-05-21 16:03:31.488739972
106629,547717,276,1816,2044.0,2,2018-10-15 10:48:29.677958847
106629,547717,276,1816,2044.0,3,2018-10-15 00:25:30.474929097
106629,1061736,276,10,2183.0,0,2018-10-15 10:53:15.692907002
106629,159228,737,1834,7135.0,0,2018-10-15 19:24:00.457962449
106629,372798,1438,1557,1152.0,2,2018-11-11 19:58:42.940770870
106629,324807,1577,2213,6946.0,2,2018-11-11 18:32:17.605326881
106629,426851,1095,4094,7749.0,0,2018-11-11 14:21:01.601252590
106629,811588,389,4712,6796.0,0,2018-11-11 19:57:18.039338551
106629,303567,662,3511,4254.0,0,2018-07-31 17:21:49.823743246
106629,47806,614,2385,5795.0,0,2018-10-06 19:10:40.634268523
106629,766865,154,606,376.0,0,2018-08-26 12:46:45.452615920
106629,764470,1661,2537,6066.0,0,2018-09-09 09:58:18.810760832
106629,635316,267,4255,1573.0,2,2018-07-15 19:15:12.705717314
106629,780078,267,4255,1573.0,2,2018-07-15 19:52:22.471707737
106629,554430,114,360,2454.0,0,2018-06-01 12:02:55.295231162
237078,382848,620,4750,8020.0,0,2018-11-06 09:40:55.126505597
237078,2587,1188,3979,6305.0,0,2018-06-30 21:55:42.409263007
237078,1038902,715,32,2795.0,0,2018-10-28 13:10:19.234533000
237078,564160,1190,2862,8077.0,0,2018-11-11 21:43:05.859607713
237078,941822,384,2195,3192.0,0,2018-06-16 10:14:26.027846647
237078,273334,1188,2386,4800.0,0,2018-06-28 23:29:57.876415443
237078,239911,1591,1993,5161.0,0,2018-06-13 20:48:43.261642392
237078,751078,1208,453,8243.0,0,2018-11-11 20:44:20.450564678
237078,246590,1213,2664,8154.0,0,2018-11-11 15:54:52.848281890
237078,750760,715,1519,4930.0,0,2018-10-09 21:01:40.803248475
237078,706566,1075,1562,104.0,0,2018-08-06 16:42:53.739805224
237078,224624,1469,3621,1738.0,2,2018-08-06 16:19:21.465213046
237078,941822,384,2195,3192.0,0,2018-06-20 15:57:04.951410378
237078,751078,1208,453,8243.0,2,2018-11-02 09:32:25.023629173
237078,238493,750,2321,620.0,0,2018-10-26 13:04:10.292483307
237078,164477,1213,4255,1573.0,0,2018-08-06 15:57:58.634377880
237078,322063,825,453,8243.0,0,2018-11-08 15:57:12.851099395
237078,756421,1213,282,6326.0,2,2018-08-01 22:40:30.795692496
109881,908950,407,4713,4512.0,0,2018-09-23 00:43:24.320849482
109881,857975,204,645,2935.0,0,2018-09-18 14:02:23.432057910
109881,108933,1438,4695,277.0,0,2018-09-11 08:57:56.722017843
109881,500918,295,3398,30.0,0,2018-05-30 18:22:30.457463159
109881,757553,1468,3398,30.0,0,2018-05-30 19:58:19.640255945
109881,501184,276,3001,5738.0,0,2018-09-24 22:58:16.476909753
109881,35978,351,1461,6220.0,0,2018-08-16 12:37:26.406698795
109881,429239,662,1102,1214.0,0,2018-08-16 18:09:52.074503540
109881,832338,821,1102,1214.0,0,2018-08-19 19:33:05.034245279
109881,532535,1577,1102,1214.0,0,2018-08-19 01:28:41.369914840
109881,1044140,629,3845,3156.0,0,2018-11-11 21:18:24.071256237
109881,854653,632,791,7816.0,0,2018-11-11 09:16:43.418108546
109881,810434,933,1,1662.0,0,2018-08-20 21:59:15.257322282
109881,247839,1174,1,1662.0,0,2018-08-20 20:01:31.225832340
109881,247839,1174,1,1662.0,0,2018-08-20 21:14:42.009293149
109881,857395,737,1953,4073.0,0,2018-07-24 22:03:13.872008324
109881,351260,1174,1,1662.0,0,2018-08-20 07:05:09.169351976
109881,618085,656,1225,6987.0,0,2018-11-11 17:17:11.193756166
109881,439363,1577,28,4446.0,0,2018-11-11 09:12:37.793482961
109881,521291,1577,28,4446.0,0,2018-11-11 20:46:22.499396723
109881,434928,629,2639,7063.0,0,2018-11-11 19:15:39.967885820
109881,944799,1577,28,4446.0,0,2018-11-11 21:04:08.144065491
109881,434928,629,2639,7063.0,0,2018-11-11 02:49:38.935571131
109881,529279,1130,1461,6220.0,0,2018-11-11 18:25:45.443527934
109881,434928,629,2639,7063.0,0,2018-11-11 17:32:33.561512661
109881,937248,1174,1,1662.0,0,2018-08-20 15:34:33.217072610
109881,782434,1577,28,4446.0,0,2018-11-11 20:34:16.524383696
109881,727310,1174,1,1662.0,0,2018-08-20 23:06:02.665622181
109881,81580,1252,1,1662.0,0,2018-08-20 19:09:40.083240226
109881,727310,1174,1,1662.0,2,2018-08-20 21:04:42.097897135
109881,727310,1174,1,1662.0,2,2018-08-20 16:00:47.470355514
109881,727310,1174,1,1662.0,0,2018-08-20 10:01:25.800730989
109881,727310,1174,1,1662.0,0,2018-08-20 10:58:05.914475138
109881,620492,1238,1102,1214.0,0,2018-08-19 18:44:53.012562976
109881,223005,1238,1102,1214.0,0,2018-08-19 18:32:18.144343072
109881,491767,1397,1004,4627.0,0,2018-08-19 10:12:27.539876047
109881,498743,1271,2107,6987.0,0,2018-08-19 16:59:07.884466420
109881,352994,1238,1102,1214.0,0,2018-08-19 20:52:20.331511308
109881,74748,812,696,3600.0,2,2018-07-06 21:45:10.536617236
109881,133786,737,2617,6483.0,0,2018-09-22 21:38:13.784480847
109881,179830,1208,546,2276.0,0,2018-09-09 13:08:49.911314005
109881,153371,1095,4094,7749.0,0,2018-09-22 21:00:21.300038596
109881,933755,596,1296,1284.0,0,2018-10-14 19:24:52.040086682
109881,233152,420,1617,4073.0,2,2018-10-14 07:15:12.362963660
109881,424829,662,3925,2031.0,0,2018-11-10 23:05:10.287417236
109881,544033,1152,1378,2078.0,0,2018-11-10 19:34:43.212622367
109881,1098689,662,28,4446.0,0,2018-11-10 19:50:10.885139812
109881,628774,756,1218,3943.0,0,2018-11-10 00:28:20.885493334
109881,8452,316,2639,7063.0,0,2018-11-10 10:13:47.529338449
109881,904830,812,2639,7063.0,0,2018-11-10 17:55:05.730058824
109881,641731,35,2639,7063.0,0,2018-11-10 21:50:55.424672836
109881,1009288,260,3663,4073.0,0,2018-10-14 07:56:25.733011702
109881,911883,629,1875,2714.0,0,2018-10-30 18:48:48.470728370
109881,1100277,420,4731,1387.0,0,2018-11-01 14:35:14.426660993
109881,74748,812,696,3600.0,0,2018-07-05 21:27:05.728569211
109881,56055,420,1617,4073.0,0,2018-10-17 06:12:17.315131873
109881,385989,420,4099,6555.0,0,2018-11-04 13:56:32.475490490
422265,572712,1074,1273,2753.0,2,2018-11-11 10:55:24.842384762
422265,632668,707,1488,7867.0,2,2018-06-13 20:40:13.462167516
422265,80276,1147,1961,2394.0,0,2018-10-11 19:51:53.009326173
422265,87694,666,1000,1954.0,0,2018-11-08 05:44:42.525167551
422265,572712,1074,1273,2753.0,0,2018-10-16 20:34:50.465398024
116591,1083837,1475,231,6065.0,0,2018-06-03 16:47:57.489596958
116591,124806,1095,3511,4254.0,0,2018-07-23 07:15:43.036952272
116591,87133,1252,3835,6086.0,0,2018-11-11 11:47:59.476160530
300681,410916,1023,4458,6997.0,3,2018-06-06 17:14:31.348840496
300681,389669,656,4041,3214.0,0,2018-10-25 11:30:21.874543291
300681,247604,1271,437,7980.0,0,2018-08-22 23:39:16.664724276
300681,3213,632,4160,7577.0,3,2018-09-30 13:32:35.152111192
300681,581283,1577,606,376.0,0,2018-07-14 21:02:06.355744281
300681,205345,1577,4434,7204.0,0,2018-07-10 22:49:57.804197474
300681,713331,737,1890,5683.0,3,2018-10-17 07:41:24.243503330
300681,637771,302,1501,2459.0,3,2018-05-31 12:44:07.964399961
300681,258707,1577,4173,5376.0,3,2018-10-29 18:43:15.054375747
300681,1092630,1142,373,4743.0,3,2018-10-01 20:47:00.729314672
300681,197983,737,4681,411.0,0,2018-10-01 15:09:09.134409930
300681,56287,389,2594,6439.0,0,2018-11-01 20:38:37.190877036
300681,236477,1271,2367,972.0,0,2018-05-23 15:31:37.968790080
300681,461209,1604,3760,3738.0,3,2018-06-14 23:10:24.219986662
300681,1030967,302,606,376.0,3,2018-08-17 19:49:49.507370950
300681,856352,812,2639,7063.0,3,2018-10-05 07:13:24.509708948
300681,418361,800,3235,392.0,3,2018-10-06 06:04:36.047545225
300681,379355,1213,4573,2772.0,3,2018-07-03 11:20:24.089772801
300681,1017725,821,2768,7735.0,0,2018-05-28 18:25:16.725897950
300681,515405,1174,1344,2003.0,0,2018-09-11 15:44:57.955692133
300681,969286,267,1609,6326.0,3,2018-10-18 13:49:12.975871320
300681,754319,1577,4292,7873.0,0,2018-07-19 20:02:13.790854994
300681,700309,662,4292,7873.0,3,2018-07-19 22:23:06.801606558
300681,1072731,302,4752,6938.0,3,2018-09-23 21:02:43.211822455
300681,916241,821,3828,1446.0,0,2018-06-12 21:20:41.323021805
300681,925562,389,3213,2651.0,0,2018-11-02 17:21:20.679832098
300681,802075,1142,4292,7873.0,3,2018-11-06 13:20:17.379049082
300681,548102,1095,4292,7873.0,0,2018-11-06 22:06:08.205816370
300681,677726,270,1666,5617.0,0,2018-10-23 18:05:20.324501297
300681,631714,1271,3955,1422.0,2,2018-06-20 20:22:23.435587818
300681,533712,154,2594,6439.0,3,2018-10-06 22:47:30.750795150
300681,1107380,662,4545,6102.0,0,2018-06-17 18:36:05.228399170
300681,42293,1228,3647,3019.0,0,2018-05-22 22:43:16.749732090
300681,1107380,662,4545,6102.0,3,2018-06-17 08:27:55.794716220
300681,291706,1228,3647,3019.0,3,2018-05-22 23:13:08.973397520
300681,115833,1577,606,376.0,0,2018-05-25 20:02:36.352750261
300681,595685,387,3433,1018.0,3,2018-07-04 14:25:44.317910288
300681,255735,1095,2594,6439.0,0,2018-10-28 09:20:04.476337562
300681,975576,662,3786,1428.0,0,2018-06-21 13:50:10.473257112
300681,150632,1271,3955,5963.0,3,2018-07-28 09:24:18.058449747
300681,667241,302,606,376.0,3,2018-05-25 14:08:55.383870883
300681,1028025,1271,3955,1422.0,3,2018-07-28 13:53:41.534534745
300681,920147,1467,2014,7807.0,3,2018-10-04 15:28:17.883350023
300681,382025,302,3033,7878.0,0,2018-07-01 15:09:38.649348164
300681,616175,320,3669,2587.0,3,2018-05-15 08:38:15.830834529
300681,42549,302,4292,7873.0,0,2018-08-14 19:48:27.353018182
300681,798203,1271,3955,1422.0,0,2018-06-11 13:55:09.860970739
300681,302147,1095,4752,6938.0,3,2018-09-22 18:34:07.076012341
300681,517674,662,2993,5762.0,0,2018-05-27 14:32:55.368223526
300681,412719,1577,4292,7873.0,0,2018-10-26 12:22:38.513629189
300681,1040910,1505,606,376.0,0,2018-06-27 10:25:19.851885414
300681,676758,1397,2594,6439.0,0,2018-08-02 17:14:55.725778394
300681,186417,1577,4292,7873.0,3,2018-10-26 15:43:34.482061878
300681,412719,1577,4292,7873.0,3,2018-10-26 23:51:55.515685040
300681,191944,1142,4869,2902.0,3,2018-10-14 11:34:34.163245693
300681,384041,1648,3454,3725.0,3,2018-09-02 19:03:10.361985443
300681,887404,1438,3343,4196.0,3,2018-10-22 17:08:13.996100416
300681,149045,154,373,4743.0,3,2018-09-14 13:10:34.757124343
300681,266271,662,3433,1018.0,0,2018-08-06 14:48:47.388281319
300681,469320,812,2639,7063.0,3,2018-09-14 21:03:28.716640205
300681,917709,154,373,4743.0,0,2018-09-14 03:11:34.483138000
300681,894012,1095,2594,6439.0,2,2018-11-11 14:25:43.799112507
300681,236225,662,2594,6439.0,2,2018-11-11 07:28:09.134583458
300681,972146,1238,1098,5543.0,0,2018-06-25 05:47:25.438619314
300681,599873,1604,606,376.0,0,2018-06-13 23:47:37.897607460
300681,851789,389,2594,6439.0,0,2018-11-07 23:41:09.711966354
300681,802075,1142,4292,7873.0,3,2018-11-07 22:09:15.873039417
300681,733295,1577,606,376.0,0,2018-06-01 00:54:12.785162950
300681,262297,1577,1139,4037.0,0,2018-05-30 11:59:45.550111320
300681,774372,1577,606,376.0,3,2018-05-21 07:20:31.828093117
300681,950325,1271,2367,972.0,0,2018-05-21 05:30:06.202857471
300681,293322,1505,606,376.0,0,2018-07-12 20:22:37.680589598
300681,1014184,1577,606,376.0,3,2018-07-12 03:28:16.969009614
300681,1007541,821,606,376.0,0,2018-07-12 22:16:40.086070586
300681,660213,1095,4173,5376.0,3,2018-06-22 20:59:43.881289402
300681,225812,737,829,7719.0,0,2018-11-04 21:34:34.515810487
300681,429973,656,4254,3661.0,3,2018-10-21 11:01:35.481550055
300681,51714,737,859,3724.0,3,2018-10-08 20:16:42.368497907
300681,161265,662,3970,125.0,0,2018-08-25 14:29:31.000842201
300681,369019,1397,4292,7873.0,3,2018-08-01 15:34:41.323536097
300681,1035577,1271,2781,3305.0,0,2018-07-29 20:28:49.384051317
300681,150968,1467,1890,5683.0,0,2018-07-17 15:05:35.880616226
359701,364409,592,4208,4093.0,0,2018-09-18 18:28:20.004951672
359701,806439,592,4208,4093.0,0,2018-09-18 15:48:03.815455715
359701,364409,592,4208,4093.0,0,2018-09-18 10:18:44.065191377
359701,459343,812,2436,5599.0,0,2018-08-30 19:09:41.977404914
359701,893999,43,2954,1847.0,0,2018-07-22 15:27:29.722342825
359701,869946,1271,1213,6333.0,0,2018-07-22 17:06:32.530069699
359701,1033907,43,4792,6515.0,0,2018-07-22 14:30:46.785480092
359701,1033294,1197,4792,6515.0,0,2018-07-22 16:38:30.993335660
359701,601971,22,270,397.0,0,2018-07-22 14:40:31.358075757
359701,4245,1338,3614,5920.0,0,2018-06-18 19:45:48.656729734
359701,442456,1282,1811,6120.0,0,2018-06-18 22:21:37.248895266
359701,475438,1282,1811,6120.0,0,2018-06-18 14:55:37.276636834
359701,599153,158,117,7730.0,0,2018-11-10 08:25:43.174248828
359701,831737,273,3614,7573.0,0,2018-06-18 15:24:54.388151407
359701,337338,1095,1526,7948.0,0,2018-11-04 05:12:24.457675005
359701,71031,1357,3614,2968.0,0,2018-06-05 15:04:41.884725533
359701,252201,1553,2175,7935.0,0,2018-11-11 22:18:47.233424715
359701,232400,614,962,569.0,0,2018-08-15 17:53:14.463864686
359701,252201,1553,2175,7935.0,0,2018-11-11 06:58:56.922013479
359701,202232,420,2436,5599.0,0,2018-09-27 20:48:13.119375990
62392,1015108,662,2206,6320.0,0,2018-09-24 18:03:12.114912890
62392,664562,1623,4543,4473.0,0,2018-05-24 16:53:18.020857097
62392,353560,883,3826,2232.0,2,2018-11-11 17:22:17.905101659
62392,846956,1389,1393,4705.0,0,2018-09-02 23:39:59.508904177
409280,93668,1213,2532,6417.0,0,2018-11-10 12:35:28.361167483
409280,406935,1213,2532,6417.0,0,2018-11-10 20:23:13.880572335
409280,106984,1213,4444,520.0,0,2018-11-10 20:41:12.476363965
409280,793580,1213,1751,2507.0,0,2018-11-10 17:50:09.372506061
409280,54561,407,1751,2507.0,0,2018-11-10 13:28:36.619434446
409280,1046099,1213,1751,2507.0,0,2018-10-22 12:32:11.112662243
409280,458916,1208,4444,520.0,0,2018-11-10 19:27:49.172322738
409280,418285,1477,2532,6417.0,0,2018-11-11 10:18:41.194487048
409280,107787,1213,4444,520.0,0,2018-11-11 17:19:12.246296161
409280,21596,424,184,1360.0,0,2018-11-11 18:53:23.352930356
409280,496882,1208,4444,520.0,0,2018-11-11 18:07:30.393078422
409280,1046099,1213,1751,2507.0,0,2018-11-11 06:45:05.852485527
409280,954853,1213,1751,2507.0,2,2018-07-12 19:07:41.889670285
409280,726127,252,1751,2507.0,0,2018-07-12 17:37:16.225884700
409280,1046099,1213,1751,2507.0,0,2018-06-08 12:17:10.259039790
409280,332135,1208,1751,2507.0,3,2018-06-08 14:49:21.305229670
409280,41776,1213,1707,6896.0,0,2018-06-08 04:42:06.366015169
409280,203461,1213,1707,6896.0,2,2018-06-08 11:52:47.775191997
409280,716549,1213,1707,6896.0,0,2018-06-08 02:43:00.116058961
409280,923604,1213,4444,520.0,0,2018-11-11 20:07:07.139424859
409280,106984,1213,4444,520.0,0,2018-11-11 22:23:33.998709204
409280,406935,1213,2532,6417.0,0,2018-11-11 17:46:31.813731055
409280,718702,1298,1989,1954.0,0,2018-11-11 19:47:11.248671352
409280,790958,1208,4444,520.0,0,2018-11-11 11:40:15.180892475
409280,375098,1213,2332,5243.0,0,2018-11-11 16:53:56.590918745
409280,569386,1213,2332,5243.0,0,2018-11-11 16:16:48.053088319
409280,923604,1213,4444,520.0,0,2018-11-11 09:49:05.228753103
409280,54561,407,1751,2507.0,2,2018-11-11 11:07:19.392169835
409280,496882,1208,4444,520.0,2,2018-11-11 17:37:12.673404605
409280,1046099,1213,1751,2507.0,2,2018-11-11 12:43:54.150882878
409280,570059,1213,2715,5517.0,0,2018-08-08 18:21:18.989814293
409280,203461,1213,1707,6896.0,0,2018-06-07 14:55:40.667515454
409280,1046099,1213,1751,2507.0,0,2018-10-11 19:59:58.045978111
409280,216974,1213,1751,2507.0,0,2018-06-19 17:28:30.032871503
409280,800924,1213,1751,2507.0,0,2018-06-19 21:41:19.664046707
409280,16396,1213,1751,2507.0,0,2018-06-19 14:48:27.052461751
409280,793580,1213,1751,2507.0,2,2018-06-19 23:59:48.235350000
409280,16396,1213,1751,2507.0,2,2018-06-19 20:41:57.661436159
409280,927556,1213,1707,6896.0,0,2018-06-07 17:23:58.925493427
409280,332135,1208,1751,2507.0,0,2018-06-13 19:04:23.590130848
409280,726127,252,1751,2507.0,0,2018-10-12 20:37:49.066356097
409280,758047,407,1751,2507.0,0,2018-10-12 03:39:32.427068365
409280,954853,1213,1751,2507.0,2,2018-06-13 13:07:55.036010611
409280,273622,1213,1751,2507.0,0,2018-06-13 16:29:57.731829879
409280,41776,1213,1707,6896.0,0,2018-09-05 17:26:57.943691397
409280,397593,177,2715,5517.0,0,2018-09-05 23:37:15.194639128
409280,752913,407,1751,2507.0,0,2018-09-05 16:17:32.464148177
409280,536459,1213,1707,6896.0,0,2018-09-05 11:37:38.286944083
409280,800924,1213,1751,2507.0,0,2018-09-05 19:13:44.824086874
409280,170113,1213,1751,2507.0,0,2018-09-05 15:17:02.159296024
401805,547365,1554,1617,4073.0,2,2018-07-22 16:34:05.605012343
401805,818001,11,629,5471.0,0,2018-06-30 22:00:29.964181508
401805,452709,1036,1617,4073.0,2,2018-07-22 17:45:49.169305697
401805,723130,629,1617,4073.0,0,2018-09-16 07:33:04.991351386
401805,856119,420,1737,2315.0,0,2018-07-25 09:26:25.255525925
401805,162732,662,4310,3320.0,0,2018-07-10 09:36:20.322062377
401805,758664,662,4310,3320.0,0,2018-07-10 04:40:34.540807399
401805,451906,1211,1668,2788.0,0,2018-07-10 11:11:51.524729464
401805,81286,662,4310,3320.0,0,2018-07-10 21:25:51.031432551
401805,758664,662,4310,3320.0,0,2018-07-10 22:51:25.573652978
401805,1095960,35,4467,2840.0,0,2018-07-25 23:05:37.635045066
401805,787385,821,4310,3320.0,0,2018-07-10 08:50:31.211374417
401805,1095960,35,4467,2840.0,0,2018-07-25 01:06:35.168937508
401805,480945,1252,1100,3035.0,0,2018-08-27 11:17:02.551206289
401805,480945,1252,1100,3035.0,0,2018-08-27 01:13:04.926411346
401805,1080154,308,1649,176.0,2,2018-05-16 19:45:13.398066900
401805,480945,1252,1100,3035.0,0,2018-08-27 10:11:45.258608993
401805,480945,1252,1100,3035.0,0,2018-08-27 21:42:21.619480011
401805,209498,656,4432,1209.0,0,2018-11-11 20:34:00.024661411
401805,894034,35,1,1662.0,0,2018-09-27 23:34:53.939845454
401805,162787,1174,3916,637.0,0,2018-09-27 17:57:28.458660987
401805,309859,1413,1805,6374.0,0,2018-09-11 10:42:17.629797363
401805,840467,1470,1805,1866.0,2,2018-09-11 23:37:01.578122271
401805,804172,1577,3677,5434.0,0,2018-06-16 21:57:54.154640553
401805,609746,1577,628,2184.0,0,2018-05-28 10:20:06.306555085
401805,450015,662,3925,2031.0,0,2018-05-28 12:54:15.570186387
401805,1049253,1577,1102,1214.0,0,2018-05-28 18:14:36.573559221
401805,561033,1238,628,2184.0,0,2018-05-28 10:52:49.666356142
401805,734449,1577,606,376.0,0,2018-05-28 19:17:05.434148692
401805,714727,1577,3925,2031.0,0,2018-05-28 13:32:36.470218671
401805,193659,35,4467,2840.0,0,2018-07-24 17:40:27.365683407
401805,284675,35,4467,2840.0,0,2018-07-24 20:52:54.159971645
401805,960066,420,4467,2840.0,0,2018-07-24 20:33:10.235417120
401805,930737,1174,4467,2840.0,0,2018-09-08 21:08:19.655710271
401805,299562,159,1422,4008.0,0,2018-08-25 17:01:36.356120050
401805,684371,420,1875,2714.0,0,2018-09-30 19:56:07.030678376
401805,324203,1658,1875,2714.0,0,2018-09-30 08:43:56.481409429
401805,719673,662,2958,6444.0,0,2018-07-17 19:08:07.033019226
401805,394046,1213,3177,8216.0,0,2018-08-25 23:14:16.418179649
401805,403562,420,965,3791.0,0,2018-06-06 08:01:07.246152878
401805,717005,1500,2641,4545.0,2,2018-06-06 18:44:36.836624772
401805,1030525,1197,2104,4073.0,2,2018-09-17 17:31:00.707131195
401805,914549,35,1617,4073.0,0,2018-07-26 19:07:39.306984714
401805,324203,1658,1875,2714.0,0,2018-09-30 23:08:47.703945933
401805,608952,1565,4075,6762.0,0,2018-09-29 21:05:02.295972089
401805,197637,1213,2861,7032.0,0,2018-06-13 08:03:59.134335690
401805,57660,1213,3551,4928.0,0,2018-06-13 22:37:23.764454645
401805,947741,1213,1591,1098.0,0,2018-06-13 21:30:41.947001901
401805,377697,1213,2861,7032.0,0,2018-06-13 21:51:08.652815008
401805,452709,1036,1617,4073.0,0,2018-06-13 18:58:29.973477034
401805,831398,962,2459,5334.0,0,2018-06-25 19:40:57.305919849
401805,201120,1467,2781,349.0,0,2018-05-29 22:27:10.256825460
401805,867240,387,3213,2651.0,0,2018-05-29 18:12:55.204239596
401805,1070421,629,1617,4073.0,0,2018-09-06 14:55:12.300207246
401805,840467,1470,1805,1866.0,2,2018-05-12 05:23:56.890208044
401805,891136,1467,2711,2000.0,0,2018-11-10 17:48:06.899181347
401805,216526,656,4432,1209.0,0,2018-11-10 11:43:32.240231572
401805,209498,656,4432,1209.0,0,2018-11-10 18:41:21.483830685
64898,606436,656,3997,6860.0,0,2018-11-10 08:15:50.175405022
64898,1083701,602,1058,3369.0,0,2018-10-02 21:12:21.358884860
64898,994628,1101,2999,342.0,0,2018-10-02 17:54:02.042610311
64898,404088,602,1058,3369.0,0,2018-10-02 08:43:08.047387494
64898,326013,1329,2332,5243.0,0,2018-11-10 15:47:51.722319499
64898,660757,1213,2332,5243.0,0,2018-11-10 16:58:30.925741024
64898,44107,460,4926,5421.0,0,2018-06-27 06:50:02.194499124
64898,369246,1213,2332,5243.0,0,2018-11-10 22:49:32.034115109
64898,490199,656,3997,6860.0,0,2018-11-10 22:03:03.967004207
64898,402825,602,1058,3369.0,0,2018-10-20 22:35:05.807097435
64898,99235,602,1058,3369.0,0,2018-10-20 10:04:48.295287515
64898,1036669,602,1058,3369.0,0,2018-10-20 16:45:00.437420221
64898,184300,43,2933,1629.0,0,2018-10-01 20:54:48.555457857
64898,170861,1109,2488,2431.0,0,2018-10-29 10:43:49.832576284
64898,1094332,252,1050,6288.0,0,2018-11-11 03:42:56.070572122
64898,1094332,252,1050,6288.0,0,2018-11-11 18:42:38.906488865
64898,23817,602,1058,3369.0,0,2018-10-31 22:06:52.534196988
64898,1094332,252,1050,6288.0,0,2018-11-11 00:01:29.311338383
64898,369246,1213,2332,5243.0,2,2018-11-11 19:49:27.845372709
64898,131570,821,158,99.0,0,2018-06-25 09:32:48.742973639
64898,561740,602,1058,3369.0,0,2018-06-25 15:13:28.879270153
64898,893725,825,1058,3369.0,0,2018-06-25 12:37:31.865305915
255390,456240,713,1,1662.0,0,2018-10-07 16:55:26.346224545
255390,652623,1188,4257,4103.0,0,2018-11-11 16:12:02.815154864
255390,934988,611,4585,8011.0,0,2018-11-11 09:24:21.660870652
255390,183925,1075,4585,8011.0,2,2018-11-11 16:39:07.764353685
255390,934988,611,4585,8011.0,0,2018-11-11 16:33:48.760400430
255390,183925,1075,4585,8011.0,0,2018-11-11 09:43:53.147566760
255390,710475,420,1,1662.0,0,2018-10-07 05:08:03.458137132
142526,885594,1238,3760,3738.0,0,2018-07-22 10:20:17.627697187
142526,967338,1174,2956,4290.0,0,2018-08-09 20:27:56.249749057
142526,879288,812,4850,7863.0,0,2018-08-09 14:48:19.079512831
142526,967338,1174,2956,4290.0,0,2018-08-09 20:34:52.630709062
142526,967338,1174,2956,4290.0,0,2018-08-09 14:35:09.058387362
142526,545873,1174,2928,4290.0,0,2018-08-09 23:50:33.572388071
142526,539080,662,331,4094.0,0,2018-07-09 18:27:21.907091120
142526,529017,177,2912,1404.0,0,2018-09-25 12:56:08.836849299
142526,104143,420,1475,1367.0,0,2018-09-25 22:02:28.654135390
142526,715618,177,2912,1404.0,3,2018-09-25 19:59:49.588505900
142526,754573,1505,3760,3738.0,0,2018-07-22 22:39:30.414182328
142526,700878,1213,4324,6699.0,0,2018-09-30 22:04:50.921648289
142526,950597,812,4850,7863.0,0,2018-08-12 22:09:14.669739861
142526,304761,1432,323,320.0,0,2018-10-23 21:33:59.981595093
142526,797183,389,3750,6865.0,0,2018-10-23 10:54:41.403581937
142526,381465,138,2010,1805.0,0,2018-09-11 12:39:35.916591734
142526,539040,629,608,6446.0,0,2018-08-12 11:08:56.204071837
142526,631231,992,2757,4112.0,0,2018-11-06 16:26:58.636297884
142526,482501,812,608,6446.0,0,2018-08-12 12:41:31.195669469
142526,890344,992,2757,4112.0,0,2018-11-06 18:57:20.449799486
142526,746099,992,2757,4112.0,0,2018-11-06 18:25:18.551341919
142526,484951,1553,780,516.0,0,2018-10-11 21:27:34.830454257
142526,299957,270,4850,7863.0,0,2018-11-11 20:31:44.132415895
142526,33363,1401,4170,3964.0,0,2018-11-11 15:21:44.453153255
142526,113913,993,4850,7863.0,0,2018-11-11 16:34:31.153492291
142526,1003421,662,4976,6143.0,0,2018-08-07 03:50:57.904557071
142526,315137,196,3559,8084.0,0,2018-08-19 19:12:20.102344853
142526,1021540,270,4850,7863.0,0,2018-11-11 09:38:24.215700118
142526,963982,993,4850,7863.0,0,2018-11-11 12:01:10.172469539
142526,745898,629,4850,7863.0,0,2018-11-11 18:17:19.910834423
142526,782408,270,4850,7863.0,0,2018-11-11 11:43:04.404778198
142526,1003109,1467,2781,349.0,0,2018-11-11 04:14:06.935653738
142526,990100,270,4850,7863.0,0,2018-11-11 09:09:39.052868149
142526,299957,270,4850,7863.0,0,2018-11-11 23:21:14.757340653
142526,738624,1553,4509,4365.0,0,2018-11-11 15:42:22.785870110
142526,142889,1401,4170,3964.0,0,2018-11-11 09:40:35.283784408
142526,33363,1401,4170,3964.0,2,2018-11-11 22:13:29.092829856
142526,1076744,1095,28,4446.0,0,2018-10-12 21:40:40.725492987
142526,912290,602,501,4058.0,0,2018-10-16 08:54:03.961317414
142526,1073193,602,1244,1128.0,0,2018-09-04 22:45:33.028955016
142526,244821,1653,1167,7211.0,0,2018-09-04 01:41:50.051737176
142526,862507,1611,4205,928.0,0,2018-10-16 18:39:32.510771053
142526,186532,1438,1087,6443.0,0,2018-10-09 16:51:19.230984315
142526,582407,1438,1087,6443.0,0,2018-10-09 22:40:16.165570684
142526,984341,1208,207,982.0,0,2018-09-26 04:41:33.531513192
142526,1039719,1438,1087,6443.0,0,2018-10-09 11:07:17.615585870
198759,255292,815,1808,7493.0,0,2018-11-11 21:45:08.588591486
198759,172878,825,422,2276.0,2,2018-11-11 22:33:28.723840155
198759,965121,606,2579,3322.0,0,2018-11-11 16:18:35.527188073
198759,86890,1397,3760,3738.0,0,2018-07-31 18:35:03.605422047
198759,1027444,1397,3760,3738.0,0,2018-07-31 11:33:35.193087372
198759,252925,1397,3760,3738.0,0,2018-07-31 14:41:14.288833269
198759,190864,1397,3760,3738.0,0,2018-07-31 12:11:29.731318582
198759,756511,1095,1340,1981.0,0,2018-11-07 21:39:31.612226256
198759,973208,656,2711,2000.0,0,2018-11-07 18:39:05.397200852
198759,1030839,614,4311,5903.0,0,2018-11-07 10:50:18.376015557
198759,620282,656,2711,2000.0,0,2018-11-07 11:23:45.689968339
198759,470504,833,3760,3738.0,0,2018-07-05 13:49:36.310404410
198759,327694,662,1340,1981.0,0,2018-11-07 11:17:43.580907414
198759,537280,451,3353,3650.0,0,2018-07-05 23:31:25.315496178
198759,815072,1028,1986,2158.0,0,2018-09-13 15:48:14.292223608
198759,242011,1271,3063,3521.0,0,2018-06-26 16:57:24.757204289
198759,289082,737,3063,3521.0,0,2018-06-26 21:39:43.989430469
190674,826006,1271,623,784.0,0,2018-08-22 21:12:27.462668147
190674,757710,1211,1310,7880.0,0,2018-11-01 22:37:26.843890101
190674,832811,1326,2124,7666.0,0,2018-11-01 13:04:11.643934091
190674,179717,662,1102,1214.0,0,2018-05-28 16:27:02.770413845
190674,76753,1142,1102,1214.0,0,2018-11-11 13:55:39.802336257
190674,523962,1467,759,338.0,0,2018-09-12 23:08:46.679913027
190674,102879,664,1310,7880.0,3,2018-10-16 03:25:30.573199402
190674,1062230,737,2124,7666.0,0,2018-06-03 09:38:33.217469708
190674,496885,737,2124,7666.0,0,2018-06-03 18:39:26.177263975
190674,552293,737,2124,7666.0,0,2018-06-03 11:49:26.753328244
206021,472387,602,1058,3369.0,0,2018-10-31 13:00:08.200623943
206021,926808,602,1058,3369.0,0,2018-11-02 12:53:00.472762267
206021,909550,1566,1056,1439.0,0,2018-09-11 22:32:58.285910388
206021,333601,1520,1056,1439.0,0,2018-09-11 08:24:54.254330314
206021,1036109,656,3997,6860.0,0,2018-11-08 17:59:14.232688814
206021,291058,1611,4127,4874.0,0,2018-11-04 00:30:03.090163895
206021,315356,602,1058,3369.0,0,2018-07-24 15:52:31.535007515
206021,586241,1432,323,320.0,0,2018-08-04 11:27:26.144099131
206021,1061960,1520,1056,1439.0,0,2018-09-11 19:45:17.550181179
232889,619281,1349,2943,2377.0,0,2018-06-12 19:35:41.136584341
232889,478495,1467,2981,8345.0,3,2018-09-23 22:09:14.107882420
232889,477186,120,4538,8238.0,0,2018-06-12 17:34:13.385674364
232889,230284,1349,1767,6111.0,0,2018-09-18 13:49:00.542701399
232889,531828,992,136,6149.0,0,2018-06-20 23:58:50.020503715
232889,478495,1467,2981,8345.0,0,2018-09-25 14:27:40.230623022
232889,510697,609,2173,4562.0,0,2018-06-06 19:14:58.670835889
232889,1072341,1112,3094,5801.0,3,2018-10-08 22:52:47.277518223
232889,622230,955,2792,2431.0,0,2018-06-28 14:55:50.858479000
232889,319427,737,3950,4052.0,0,2018-06-28 00:21:26.515003517
232889,622230,955,2792,2431.0,0,2018-06-28 22:25:51.647667649
232889,534905,1075,3674,4343.0,0,2018-07-08 21:26:18.782791981
232889,682668,992,136,6149.0,0,2018-08-28 20:53:32.663730535
232889,731424,737,3950,4052.0,0,2018-06-28 14:59:38.723935050
232889,337879,300,3518,4805.0,0,2018-11-11 20:06:19.266139650
232889,337879,300,3518,4805.0,0,2018-11-11 06:18:01.544715466
232889,337879,300,3518,4805.0,0,2018-11-11 23:25:09.944093226
232889,462454,776,4205,928.0,0,2018-06-13 17:15:33.281776507
232889,550003,1188,3950,4052.0,0,2018-06-28 10:47:33.044030810
232889,337879,300,3518,4805.0,0,2018-11-11 15:32:15.823242306
232889,370383,300,3518,4805.0,0,2018-11-11 23:03:05.088909305
232889,390452,1077,4296,4475.0,0,2018-11-11 08:10:33.032446707
232889,1056432,1349,941,3650.0,0,2018-09-16 07:42:41.439459076
232889,531828,992,136,6149.0,0,2018-06-08 12:01:13.122713595
232889,1026757,737,3904,3876.0,0,2018-07-28 17:33:43.258451732
232889,1021127,992,136,6149.0,0,2018-06-11 21:26:53.232583068
232889,1045041,992,136,6149.0,0,2018-06-11 04:54:56.555394901
287427,547272,680,155,903.0,0,2018-07-03 17:43:09.279753032
287427,298026,407,3734,2045.0,2,2018-11-11 16:37:40.864175080
287427,547272,680,155,903.0,2,2018-07-03 10:42:23.884402779
277052,152455,1553,3315,1605.0,3,2018-09-06 20:14:54.160026401
277052,779070,614,4043,7178.0,3,2018-07-03 00:11:00.348679747
277052,169937,1135,1799,1890.0,0,2018-08-30 11:59:24.489981681
277052,820043,1577,628,2184.0,0,2018-07-29 14:40:40.680463199
277052,681239,821,2884,7239.0,0,2018-09-13 20:09:40.014894914
277052,648416,331,4161,5812.0,0,2018-08-30 23:24:49.958726592
277052,223007,1577,2545,2334.0,3,2018-08-10 14:26:01.583861227
277052,612343,1238,628,2184.0,3,2018-08-10 11:19:52.257288371
277052,394349,1505,628,2184.0,0,2018-07-26 16:33:56.314920824
277052,411642,821,628,2184.0,0,2018-07-26 08:33:21.574183701
277052,96813,387,628,2184.0,0,2018-07-26 13:52:31.192534139
277052,978270,821,628,2184.0,0,2018-08-10 20:36:09.901922772
277052,432229,1577,2545,2334.0,3,2018-08-10 10:37:22.198933296
277052,820043,1577,628,2184.0,0,2018-07-26 10:27:15.725944233
277052,160024,821,628,2184.0,0,2018-07-26 19:39:39.499789131
277052,968913,387,628,2184.0,3,2018-09-27 21:32:17.684815770
333065,808163,1279,411,3194.0,2,2018-05-31 18:16:25.547216589
333065,102518,662,1704,5581.0,0,2018-09-06 05:39:16.514268483
333065,102518,662,1704,5581.0,0,2018-09-06 20:49:40.310362371
333065,87694,666,1000,1954.0,0,2018-11-10 18:21:45.638483231
333065,883361,666,1000,1954.0,0,2018-11-10 22:56:49.765933514
333065,87694,666,1000,1954.0,2,2018-11-11 23:54:42.449302790
333065,506324,1141,167,3650.0,0,2018-11-11 09:26:37.426698612
333065,883361,666,1000,1954.0,0,2018-11-11 19:05:35.838776894
333065,598686,1228,3172,8031.0,3,2018-08-12 20:45:41.935926509
219316,126588,177,318,4275.0,0,2018-07-14 20:42:55.954015417
219316,988686,120,3859,1552.0,0,2018-06-25 15:39:12.935815013
219316,806617,662,3828,1446.0,0,2018-06-26 14:15:36.628143493
219316,675402,656,2367,972.0,0,2018-11-04 16:40:23.423152830
219316,688843,962,3859,1552.0,0,2018-08-25 18:30:57.506558800
219316,927308,1142,4869,2902.0,0,2018-08-25 14:18:22.238801656
219316,992902,946,3665,2851.0,0,2018-11-04 21:35:04.278736099
219316,500004,946,227,6997.0,0,2018-11-04 10:48:16.443269322
219316,547643,656,2116,7334.0,0,2018-11-04 18:44:44.148568562
219316,1075576,420,3663,5773.0,0,2018-08-25 14:33:44.319339977
219316,284258,662,4173,5376.0,0,2018-06-26 10:04:20.211206483
219316,184726,662,606,376.0,0,2018-06-26 22:11:52.239589013
219316,511384,656,3669,2587.0,0,2018-11-04 23:54:31.502033384
219316,580873,821,606,376.0,0,2018-06-26 17:18:26.871018128
219316,93796,662,606,376.0,0,2018-06-26 19:32:47.561200947
219316,1109350,384,606,376.0,0,2018-06-26 05:38:10.665002733
219316,643147,1553,4509,4365.0,0,2018-11-08 20:14:24.095278801
219316,516823,1505,3828,1446.0,0,2018-06-26 11:58:05.882424965
219316,1081714,662,4173,5376.0,0,2018-06-26 14:51:20.324176599
219316,773749,1142,4509,4365.0,0,2018-11-08 10:23:33.481605756
219316,950987,662,4044,82.0,0,2018-11-08 11:10:13.586269568
219316,103338,1142,4509,4365.0,0,2018-11-08 19:10:55.214335543
219316,1002315,1142,4509,4365.0,0,2018-11-08 16:54:37.687285776
219316,840951,1142,4509,4365.0,0,2018-11-08 17:46:17.253211617
219316,868089,384,606,376.0,0,2018-06-26 20:38:07.950590072
